time,phase,pod,container,cpu_stat_time,cpu_usage_core_nanoseconds,working_set_bytes
2026-08-06T13:19:53.468316-05:00,job,raycluster-historyserver-head-tgs8m,ray-head,2026-08-06T18:19:43Z,12420231000,2879287296
2026-08-06T13:19:53.468316-05:00,job,raycluster-historyserver-head-tgs8m,collector,2026-08-06T18:19:45Z,660411000,61792256
2026-08-06T13:19:53.468316-05:00,job,raycluster-historyserver-cpu-worker-z8x54,collector,2026-08-06T18:19:53Z,592561000,56713216
2026-08-06T13:19:53.468316-05:00,job,raycluster-historyserver-cpu-worker-z8x54,ray-worker,2026-08-06T18:19:53Z,3012011000,296595456
2026-08-06T13:19:54.467557-05:00,job,raycluster-historyserver-head-tgs8m,ray-head,2026-08-06T18:19:43Z,12420231000,2879287296
2026-08-06T13:19:54.467557-05:00,job,raycluster-historyserver-head-tgs8m,collector,2026-08-06T18:19:45Z,660411000,61792256
2026-08-06T13:19:54.467557-05:00,job,raycluster-historyserver-cpu-worker-z8x54,collector,2026-08-06T18:19:53Z,592561000,56713216
2026-08-06T13:19:54.467557-05:00,job,raycluster-historyserver-cpu-worker-z8x54,ray-worker,2026-08-06T18:19:54Z,3022094000,296792064
2026-08-06T13:19:55.46778-05:00,job,raycluster-historyserver-head-tgs8m,ray-head,2026-08-06T18:19:43Z,12420231000,2879287296
2026-08-06T13:19:55.46778-05:00,job,raycluster-historyserver-head-tgs8m,collector,2026-08-06T18:19:45Z,660411000,61792256
2026-08-06T13:19:55.46778-05:00,job,raycluster-historyserver-cpu-worker-z8x54,collector,2026-08-06T18:19:53Z,592561000,56713216
2026-08-06T13:19:55.46778-05:00,job,raycluster-historyserver-cpu-worker-z8x54,ray-worker,2026-08-06T18:19:55Z,3031021000,296792064
2026-08-06T13:19:56.467512-05:00,job,raycluster-historyserver-head-tgs8m,ray-head,2026-08-06T18:19:43Z,12420231000,2879287296
2026-08-06T13:19:56.467512-05:00,job,raycluster-historyserver-head-tgs8m,collector,2026-08-06T18:19:45Z,660411000,61792256
2026-08-06T13:19:56.467512-05:00,job,raycluster-historyserver-cpu-worker-z8x54,collector,2026-08-06T18:19:53Z,592561000,56713216
2026-08-06T13:19:56.467512-05:00,job,raycluster-historyserver-cpu-worker-z8x54,ray-worker,2026-08-06T18:19:56Z,3042649000,297070592
2026-08-06T13:19:57.468321-05:00,job,raycluster-historyserver-head-tgs8m,ray-head,2026-08-06T18:19:43Z,12420231000,2879287296
2026-08-06T13:19:57.468321-05:00,job,raycluster-historyserver-head-tgs8m,collector,2026-08-06T18:19:57Z,679522000,61976576
2026-08-06T13:19:57.468321-05:00,job,raycluster-historyserver-cpu-worker-z8x54,ray-worker,2026-08-06T18:19:57Z,4959063000,571011072
2026-08-06T13:19:57.468321-05:00,job,raycluster-historyserver-cpu-worker-z8x54,collector,2026-08-06T18:19:53Z,592561000,56713216
2026-08-06T13:19:58.468296-05:00,job,raycluster-historyserver-cpu-worker-z8x54,collector,2026-08-06T18:19:53Z,592561000,56713216
2026-08-06T13:19:58.468296-05:00,job,raycluster-historyserver-cpu-worker-z8x54,ray-worker,2026-08-06T18:19:58Z,7002192000,757538816
2026-08-06T13:19:58.468296-05:00,job,raycluster-historyserver-head-tgs8m,ray-head,2026-08-06T18:19:43Z,12420231000,2879287296
2026-08-06T13:19:58.468296-05:00,job,raycluster-historyserver-head-tgs8m,collector,2026-08-06T18:19:57Z,679522000,61976576
2026-08-06T13:19:59.467819-05:00,job,raycluster-historyserver-head-tgs8m,ray-head,2026-08-06T18:19:58Z,16357073000,3121885184
2026-08-06T13:19:59.467819-05:00,job,raycluster-historyserver-head-tgs8m,collector,2026-08-06T18:19:57Z,679522000,61976576
2026-08-06T13:19:59.467819-05:00,job,raycluster-historyserver-cpu-worker-z8x54,collector,2026-08-06T18:19:53Z,592561000,56713216
2026-08-06T13:19:59.467819-05:00,job,raycluster-historyserver-cpu-worker-z8x54,ray-worker,2026-08-06T18:19:58Z,7756488000,833187840
2026-08-06T13:20:00.467545-05:00,job,raycluster-historyserver-head-tgs8m,ray-head,2026-08-06T18:19:58Z,16357073000,3121885184
2026-08-06T13:20:00.467545-05:00,job,raycluster-historyserver-head-tgs8m,collector,2026-08-06T18:19:57Z,679522000,61976576
2026-08-06T13:20:00.467545-05:00,job,raycluster-historyserver-cpu-worker-z8x54,collector,2026-08-06T18:19:53Z,592561000,56713216
2026-08-06T13:20:00.467545-05:00,job,raycluster-historyserver-cpu-worker-z8x54,ray-worker,2026-08-06T18:19:58Z,7756488000,833187840
2026-08-06T13:20:01.468318-05:00,job,raycluster-historyserver-cpu-worker-z8x54,ray-worker,2026-08-06T18:19:58Z,7756488000,833187840
2026-08-06T13:20:01.468318-05:00,job,raycluster-historyserver-cpu-worker-z8x54,collector,2026-08-06T18:19:53Z,592561000,56713216
2026-08-06T13:20:01.468318-05:00,job,raycluster-historyserver-head-tgs8m,ray-head,2026-08-06T18:19:58Z,16357073000,3121885184
2026-08-06T13:20:01.468318-05:00,job,raycluster-historyserver-head-tgs8m,collector,2026-08-06T18:19:57Z,679522000,61976576
2026-08-06T13:20:02.468311-05:00,job,raycluster-historyserver-head-tgs8m,ray-head,2026-08-06T18:19:58Z,16357073000,3121885184
2026-08-06T13:20:02.468311-05:00,job,raycluster-historyserver-head-tgs8m,collector,2026-08-06T18:19:57Z,679522000,61976576
2026-08-06T13:20:02.468311-05:00,job,raycluster-historyserver-cpu-worker-z8x54,collector,2026-08-06T18:19:53Z,592561000,56713216
2026-08-06T13:20:02.468311-05:00,job,raycluster-historyserver-cpu-worker-z8x54,ray-worker,2026-08-06T18:19:58Z,7756488000,833187840
2026-08-06T13:20:03.467596-05:00,job,raycluster-historyserver-cpu-worker-z8x54,ray-worker,2026-08-06T18:19:58Z,7756488000,833187840
2026-08-06T13:20:03.467596-05:00,job,raycluster-historyserver-cpu-worker-z8x54,collector,2026-08-06T18:19:53Z,592561000,56713216
2026-08-06T13:20:03.467596-05:00,job,raycluster-historyserver-head-tgs8m,ray-head,2026-08-06T18:19:58Z,16357073000,3121885184
2026-08-06T13:20:03.467596-05:00,job,raycluster-historyserver-head-tgs8m,collector,2026-08-06T18:19:57Z,679522000,61976576
2026-08-06T13:20:04.468321-05:00,job,raycluster-historyserver-cpu-worker-z8x54,ray-worker,2026-08-06T18:19:58Z,7756488000,833187840
2026-08-06T13:20:04.468321-05:00,job,raycluster-historyserver-cpu-worker-z8x54,collector,2026-08-06T18:19:53Z,592561000,56713216
2026-08-06T13:20:04.468321-05:00,job,raycluster-historyserver-head-tgs8m,ray-head,2026-08-06T18:19:58Z,16357073000,3121885184
2026-08-06T13:20:04.468321-05:00,job,raycluster-historyserver-head-tgs8m,collector,2026-08-06T18:19:57Z,679522000,61976576
2026-08-06T13:20:05.468347-05:00,job,raycluster-historyserver-cpu-worker-z8x54,ray-worker,2026-08-06T18:19:58Z,7756488000,833187840
2026-08-06T13:20:05.468347-05:00,job,raycluster-historyserver-cpu-worker-z8x54,collector,2026-08-06T18:19:53Z,592561000,56713216
2026-08-06T13:20:05.468347-05:00,job,raycluster-historyserver-head-tgs8m,ray-head,2026-08-06T18:19:58Z,16357073000,3121885184
2026-08-06T13:20:05.468347-05:00,job,raycluster-historyserver-head-tgs8m,collector,2026-08-06T18:19:57Z,679522000,61976576
2026-08-06T13:20:06.468297-05:00,job,raycluster-historyserver-head-tgs8m,ray-head,2026-08-06T18:19:58Z,16357073000,3121885184
2026-08-06T13:20:06.468297-05:00,job,raycluster-historyserver-head-tgs8m,collector,2026-08-06T18:19:57Z,679522000,61976576
2026-08-06T13:20:06.468297-05:00,job,raycluster-historyserver-cpu-worker-z8x54,collector,2026-08-06T18:19:53Z,592561000,56713216
2026-08-06T13:20:06.468297-05:00,job,raycluster-historyserver-cpu-worker-z8x54,ray-worker,2026-08-06T18:19:58Z,7756488000,833187840
2026-08-06T13:20:07.468356-05:00,job,raycluster-historyserver-cpu-worker-z8x54,ray-worker,2026-08-06T18:19:58Z,7756488000,833187840
2026-08-06T13:20:07.468356-05:00,job,raycluster-historyserver-cpu-worker-z8x54,collector,2026-08-06T18:19:53Z,592561000,56713216
2026-08-06T13:20:07.468356-05:00,job,raycluster-historyserver-head-tgs8m,ray-head,2026-08-06T18:19:58Z,16357073000,3121885184
2026-08-06T13:20:07.468356-05:00,job,raycluster-historyserver-head-tgs8m,collector,2026-08-06T18:19:57Z,679522000,61976576
2026-08-06T13:20:08.468409-05:00,job,raycluster-historyserver-head-tgs8m,ray-head,2026-08-06T18:19:58Z,16357073000,3121885184
2026-08-06T13:20:08.468409-05:00,job,raycluster-historyserver-head-tgs8m,collector,2026-08-06T18:19:57Z,679522000,61976576
2026-08-06T13:20:08.468409-05:00,job,raycluster-historyserver-cpu-worker-z8x54,collector,2026-08-06T18:19:53Z,592561000,56713216
2026-08-06T13:20:08.468409-05:00,job,raycluster-historyserver-cpu-worker-z8x54,ray-worker,2026-08-06T18:19:58Z,7756488000,833187840
2026-08-06T13:20:09.468352-05:00,job,raycluster-historyserver-cpu-worker-z8x54,collector,2026-08-06T18:19:53Z,592561000,56713216
2026-08-06T13:20:09.468352-05:00,job,raycluster-historyserver-cpu-worker-z8x54,ray-worker,2026-08-06T18:19:58Z,7756488000,833187840
2026-08-06T13:20:09.468352-05:00,job,raycluster-historyserver-head-tgs8m,ray-head,2026-08-06T18:19:58Z,16357073000,3121885184
2026-08-06T13:20:09.468352-05:00,job,raycluster-historyserver-head-tgs8m,collector,2026-08-06T18:19:57Z,679522000,61976576
2026-08-06T13:20:10.468359-05:00,job,raycluster-historyserver-head-tgs8m,ray-head,2026-08-06T18:20:09Z,29909582000,3507470336
2026-08-06T13:20:10.468359-05:00,job,raycluster-historyserver-head-tgs8m,collector,2026-08-06T18:20:10Z,8282286000,153034752
2026-08-06T13:20:10.468359-05:00,job,raycluster-historyserver-cpu-worker-z8x54,ray-worker,2026-08-06T18:19:58Z,7756488000,833187840
2026-08-06T13:20:10.468359-05:00,job,raycluster-historyserver-cpu-worker-z8x54,collector,2026-08-06T18:19:53Z,592561000,56713216
2026-08-06T13:20:11.46737-05:00,job,raycluster-historyserver-cpu-worker-z8x54,collector,2026-08-06T18:20:10Z,5235625000,105418752
2026-08-06T13:20:11.46737-05:00,job,raycluster-historyserver-cpu-worker-z8x54,ray-worker,2026-08-06T18:19:58Z,7756488000,833187840
2026-08-06T13:20:11.46737-05:00,job,raycluster-historyserver-head-tgs8m,ray-head,2026-08-06T18:20:09Z,29909582000,3507470336
2026-08-06T13:20:11.46737-05:00,job,raycluster-historyserver-head-tgs8m,collector,2026-08-06T18:20:10Z,8282286000,153034752
2026-08-06T13:20:12.468395-05:00,job,raycluster-historyserver-head-tgs8m,ray-head,2026-08-06T18:20:09Z,29909582000,3507470336
2026-08-06T13:20:12.468395-05:00,job,raycluster-historyserver-head-tgs8m,collector,2026-08-06T18:20:10Z,8282286000,153034752
2026-08-06T13:20:12.468395-05:00,job,raycluster-historyserver-cpu-worker-z8x54,collector,2026-08-06T18:20:10Z,5235625000,105418752
2026-08-06T13:20:12.468395-05:00,job,raycluster-historyserver-cpu-worker-z8x54,ray-worker,2026-08-06T18:19:58Z,7756488000,833187840
2026-08-06T13:20:13.468397-05:00,job,raycluster-historyserver-cpu-worker-z8x54,ray-worker,2026-08-06T18:19:58Z,7756488000,833187840
2026-08-06T13:20:13.468397-05:00,job,raycluster-historyserver-cpu-worker-z8x54,collector,2026-08-06T18:20:10Z,5235625000,105418752
2026-08-06T13:20:13.468397-05:00,job,raycluster-historyserver-head-tgs8m,ray-head,2026-08-06T18:20:09Z,29909582000,3507470336
2026-08-06T13:20:13.468397-05:00,job,raycluster-historyserver-head-tgs8m,collector,2026-08-06T18:20:10Z,8282286000,153034752
2026-08-06T13:20:14.467898-05:00,job,raycluster-historyserver-head-tgs8m,ray-head,2026-08-06T18:20:09Z,29909582000,3507470336
2026-08-06T13:20:14.467898-05:00,job,raycluster-historyserver-head-tgs8m,collector,2026-08-06T18:20:10Z,8282286000,153034752
2026-08-06T13:20:14.467898-05:00,job,raycluster-historyserver-cpu-worker-z8x54,collector,2026-08-06T18:20:10Z,5235625000,105418752
2026-08-06T13:20:14.467898-05:00,job,raycluster-historyserver-cpu-worker-z8x54,ray-worker,2026-08-06T18:20:13Z,37736962000,1038753792
2026-08-06T13:20:15.468093-05:00,job,raycluster-historyserver-cpu-worker-z8x54,ray-worker,2026-08-06T18:20:13Z,37736962000,1038753792
2026-08-06T13:20:15.468093-05:00,job,raycluster-historyserver-cpu-worker-z8x54,collector,2026-08-06T18:20:10Z,5235625000,105418752
2026-08-06T13:20:15.468093-05:00,job,raycluster-historyserver-head-tgs8m,ray-head,2026-08-06T18:20:09Z,29909582000,3507470336
2026-08-06T13:20:15.468093-05:00,job,raycluster-historyserver-head-tgs8m,collector,2026-08-06T18:20:10Z,8282286000,153034752
2026-08-06T13:20:16.468421-05:00,job,raycluster-historyserver-head-tgs8m,ray-head,2026-08-06T18:20:09Z,29909582000,3507470336
2026-08-06T13:20:16.468421-05:00,job,raycluster-historyserver-head-tgs8m,collector,2026-08-06T18:20:10Z,8282286000,153034752
2026-08-06T13:20:16.468421-05:00,job,raycluster-historyserver-cpu-worker-z8x54,ray-worker,2026-08-06T18:20:13Z,37736962000,1038753792
2026-08-06T13:20:16.468421-05:00,job,raycluster-historyserver-cpu-worker-z8x54,collector,2026-08-06T18:20:10Z,5235625000,105418752
2026-08-06T13:20:17.468412-05:00,job,raycluster-historyserver-head-tgs8m,ray-head,2026-08-06T18:20:09Z,29909582000,3507470336
2026-08-06T13:20:17.468412-05:00,job,raycluster-historyserver-head-tgs8m,collector,2026-08-06T18:20:10Z,8282286000,153034752
2026-08-06T13:20:17.468412-05:00,job,raycluster-historyserver-cpu-worker-z8x54,collector,2026-08-06T18:20:10Z,5235625000,105418752
2026-08-06T13:20:17.468412-05:00,job,raycluster-historyserver-cpu-worker-z8x54,ray-worker,2026-08-06T18:20:13Z,37736962000,1038753792
2026-08-06T13:20:18.468433-05:00,job,raycluster-historyserver-cpu-worker-z8x54,ray-worker,2026-08-06T18:20:13Z,37736962000,1038753792
2026-08-06T13:20:18.468433-05:00,job,raycluster-historyserver-cpu-worker-z8x54,collector,2026-08-06T18:20:10Z,5235625000,105418752
2026-08-06T13:20:18.468433-05:00,job,raycluster-historyserver-head-tgs8m,ray-head,2026-08-06T18:20:09Z,29909582000,3507470336
2026-08-06T13:20:18.468433-05:00,job,raycluster-historyserver-head-tgs8m,collector,2026-08-06T18:20:10Z,8282286000,153034752
2026-08-06T13:20:19.468423-05:00,job,raycluster-historyserver-head-tgs8m,ray-head,2026-08-06T18:20:09Z,29909582000,3507470336
2026-08-06T13:20:19.468423-05:00,job,raycluster-historyserver-head-tgs8m,collector,2026-08-06T18:20:10Z,8282286000,153034752
2026-08-06T13:20:19.468423-05:00,job,raycluster-historyserver-cpu-worker-z8x54,collector,2026-08-06T18:20:10Z,5235625000,105418752
2026-08-06T13:20:19.468423-05:00,job,raycluster-historyserver-cpu-worker-z8x54,ray-worker,2026-08-06T18:20:13Z,37736962000,1038753792
2026-08-06T13:20:20.467877-05:00,job,raycluster-historyserver-cpu-worker-z8x54,ray-worker,2026-08-06T18:20:13Z,37736962000,1038753792
2026-08-06T13:20:20.467877-05:00,job,raycluster-historyserver-cpu-worker-z8x54,collector,2026-08-06T18:20:10Z,5235625000,105418752
2026-08-06T13:20:20.467877-05:00,job,raycluster-historyserver-head-tgs8m,ray-head,2026-08-06T18:20:09Z,29909582000,3507470336
2026-08-06T13:20:20.467877-05:00,job,raycluster-historyserver-head-tgs8m,collector,2026-08-06T18:20:10Z,8282286000,153034752
2026-08-06T13:20:21.468453-05:00,job,raycluster-historyserver-head-tgs8m,ray-head,2026-08-06T18:20:20Z,42099738000,3668209664
2026-08-06T13:20:21.468453-05:00,job,raycluster-historyserver-head-tgs8m,collector,2026-08-06T18:20:20Z,15734268000,116862976
2026-08-06T13:20:21.468453-05:00,job,raycluster-historyserver-cpu-worker-z8x54,ray-worker,2026-08-06T18:20:13Z,37736962000,1038753792
2026-08-06T13:20:21.468453-05:00,job,raycluster-historyserver-cpu-worker-z8x54,collector,2026-08-06T18:20:10Z,5235625000,105418752
2026-08-06T13:20:22.468442-05:00,job,raycluster-historyserver-cpu-worker-z8x54,ray-worker,2026-08-06T18:20:13Z,37736962000,1038753792
2026-08-06T13:20:22.468442-05:00,job,raycluster-historyserver-cpu-worker-z8x54,collector,2026-08-06T18:20:10Z,5235625000,105418752
2026-08-06T13:20:22.468442-05:00,job,raycluster-historyserver-head-tgs8m,ray-head,2026-08-06T18:20:20Z,42099738000,3668209664
2026-08-06T13:20:22.468442-05:00,job,raycluster-historyserver-head-tgs8m,collector,2026-08-06T18:20:20Z,15734268000,116862976
2026-08-06T13:20:23.468469-05:00,job,raycluster-historyserver-head-tgs8m,ray-head,2026-08-06T18:20:20Z,42099738000,3668209664
2026-08-06T13:20:23.468469-05:00,job,raycluster-historyserver-head-tgs8m,collector,2026-08-06T18:20:20Z,15734268000,116862976
2026-08-06T13:20:23.468469-05:00,job,raycluster-historyserver-cpu-worker-z8x54,collector,2026-08-06T18:20:10Z,5235625000,105418752
2026-08-06T13:20:23.468469-05:00,job,raycluster-historyserver-cpu-worker-z8x54,ray-worker,2026-08-06T18:20:13Z,37736962000,1038753792
2026-08-06T13:20:24.468459-05:00,job,raycluster-historyserver-cpu-worker-z8x54,collector,2026-08-06T18:20:10Z,5235625000,105418752
2026-08-06T13:20:24.468459-05:00,job,raycluster-historyserver-cpu-worker-z8x54,ray-worker,2026-08-06T18:20:13Z,37736962000,1038753792
2026-08-06T13:20:24.468459-05:00,job,raycluster-historyserver-head-tgs8m,ray-head,2026-08-06T18:20:20Z,42099738000,3668209664
2026-08-06T13:20:24.468459-05:00,job,raycluster-historyserver-head-tgs8m,collector,2026-08-06T18:20:20Z,15734268000,116862976
2026-08-06T13:20:25.468377-05:00,job,raycluster-historyserver-cpu-worker-z8x54,collector,2026-08-06T18:20:10Z,5235625000,105418752
2026-08-06T13:20:25.468377-05:00,job,raycluster-historyserver-cpu-worker-z8x54,ray-worker,2026-08-06T18:20:13Z,37736962000,1038753792
2026-08-06T13:20:25.468377-05:00,job,raycluster-historyserver-head-tgs8m,ray-head,2026-08-06T18:20:20Z,42099738000,3668209664
2026-08-06T13:20:25.468377-05:00,job,raycluster-historyserver-head-tgs8m,collector,2026-08-06T18:20:20Z,15734268000,116862976
2026-08-06T13:20:26.46813-05:00,job,raycluster-historyserver-head-tgs8m,ray-head,2026-08-06T18:20:20Z,42099738000,3668209664
2026-08-06T13:20:26.46813-05:00,job,raycluster-historyserver-head-tgs8m,collector,2026-08-06T18:20:20Z,15734268000,116862976
2026-08-06T13:20:26.46813-05:00,job,raycluster-historyserver-cpu-worker-z8x54,ray-worker,2026-08-06T18:20:13Z,37736962000,1038753792
2026-08-06T13:20:26.46813-05:00,job,raycluster-historyserver-cpu-worker-z8x54,collector,2026-08-06T18:20:10Z,5235625000,105418752
2026-08-06T13:20:27.468498-05:00,job,raycluster-historyserver-head-tgs8m,ray-head,2026-08-06T18:20:20Z,42099738000,3668209664
2026-08-06T13:20:27.468498-05:00,job,raycluster-historyserver-head-tgs8m,collector,2026-08-06T18:20:20Z,15734268000,116862976
2026-08-06T13:20:27.468498-05:00,job,raycluster-historyserver-cpu-worker-z8x54,collector,2026-08-06T18:20:10Z,5235625000,105418752
2026-08-06T13:20:27.468498-05:00,job,raycluster-historyserver-cpu-worker-z8x54,ray-worker,2026-08-06T18:20:13Z,37736962000,1038753792
2026-08-06T13:20:28.467473-05:00,job,raycluster-historyserver-cpu-worker-z8x54,collector,2026-08-06T18:20:10Z,5235625000,105418752
2026-08-06T13:20:28.467473-05:00,job,raycluster-historyserver-cpu-worker-z8x54,ray-worker,2026-08-06T18:20:13Z,37736962000,1038753792
2026-08-06T13:20:28.467473-05:00,job,raycluster-historyserver-head-tgs8m,ray-head,2026-08-06T18:20:20Z,42099738000,3668209664
2026-08-06T13:20:28.467473-05:00,job,raycluster-historyserver-head-tgs8m,collector,2026-08-06T18:20:20Z,15734268000,116862976
2026-08-06T13:20:29.468492-05:00,job,raycluster-historyserver-cpu-worker-z8x54,ray-worker,2026-08-06T18:20:13Z,37736962000,1038753792
2026-08-06T13:20:29.468492-05:00,job,raycluster-historyserver-cpu-worker-z8x54,collector,2026-08-06T18:20:10Z,5235625000,105418752
2026-08-06T13:20:29.468492-05:00,job,raycluster-historyserver-head-tgs8m,ray-head,2026-08-06T18:20:20Z,42099738000,3668209664
2026-08-06T13:20:29.468492-05:00,job,raycluster-historyserver-head-tgs8m,collector,2026-08-06T18:20:20Z,15734268000,116862976
2026-08-06T13:20:30.468548-05:00,job,raycluster-historyserver-cpu-worker-z8x54,collector,2026-08-06T18:20:29Z,12622874000,123682816
2026-08-06T13:20:30.468548-05:00,job,raycluster-historyserver-cpu-worker-z8x54,ray-worker,2026-08-06T18:20:13Z,37736962000,1038753792
2026-08-06T13:20:30.468548-05:00,job,raycluster-historyserver-head-tgs8m,ray-head,2026-08-06T18:20:20Z,42099738000,3668209664
2026-08-06T13:20:30.468548-05:00,job,raycluster-historyserver-head-tgs8m,collector,2026-08-06T18:20:20Z,15734268000,116862976
2026-08-06T13:20:31.468508-05:00,job,raycluster-historyserver-head-tgs8m,ray-head,2026-08-06T18:20:20Z,42099738000,3668209664
2026-08-06T13:20:31.468508-05:00,job,raycluster-historyserver-head-tgs8m,collector,2026-08-06T18:20:20Z,15734268000,116862976
2026-08-06T13:20:31.468508-05:00,job,raycluster-historyserver-cpu-worker-z8x54,ray-worker,2026-08-06T18:20:13Z,37736962000,1038753792
2026-08-06T13:20:31.468508-05:00,job,raycluster-historyserver-cpu-worker-z8x54,collector,2026-08-06T18:20:29Z,12622874000,123682816
2026-08-06T13:20:32.467696-05:00,job,raycluster-historyserver-cpu-worker-z8x54,ray-worker,2026-08-06T18:20:31Z,73330390000,1091018752
2026-08-06T13:20:32.467696-05:00,job,raycluster-historyserver-cpu-worker-z8x54,collector,2026-08-06T18:20:29Z,12622874000,123682816
2026-08-06T13:20:32.467696-05:00,job,raycluster-historyserver-head-tgs8m,ray-head,2026-08-06T18:20:20Z,42099738000,3668209664
2026-08-06T13:20:32.467696-05:00,job,raycluster-historyserver-head-tgs8m,collector,2026-08-06T18:20:20Z,15734268000,116862976
2026-08-06T13:20:33.46821-05:00,job,raycluster-historyserver-cpu-worker-z8x54,ray-worker,2026-08-06T18:20:31Z,73330390000,1091018752
2026-08-06T13:20:33.46821-05:00,job,raycluster-historyserver-cpu-worker-z8x54,collector,2026-08-06T18:20:29Z,12622874000,123682816
2026-08-06T13:20:33.46821-05:00,job,raycluster-historyserver-head-tgs8m,ray-head,2026-08-06T18:20:20Z,42099738000,3668209664
2026-08-06T13:20:33.46821-05:00,job,raycluster-historyserver-head-tgs8m,collector,2026-08-06T18:20:20Z,15734268000,116862976
2026-08-06T13:20:34.468273-05:00,job,raycluster-historyserver-cpu-worker-z8x54,collector,2026-08-06T18:20:29Z,12622874000,123682816
2026-08-06T13:20:34.468273-05:00,job,raycluster-historyserver-cpu-worker-z8x54,ray-worker,2026-08-06T18:20:31Z,73330390000,1091018752
2026-08-06T13:20:34.468273-05:00,job,raycluster-historyserver-head-tgs8m,ray-head,2026-08-06T18:20:20Z,42099738000,3668209664
2026-08-06T13:20:34.468273-05:00,job,raycluster-historyserver-head-tgs8m,collector,2026-08-06T18:20:20Z,15734268000,116862976
2026-08-06T13:20:35.468325-05:00,job,raycluster-historyserver-head-tgs8m,ray-head,2026-08-06T18:20:20Z,42099738000,3668209664
2026-08-06T13:20:35.468325-05:00,job,raycluster-historyserver-head-tgs8m,collector,2026-08-06T18:20:20Z,15734268000,116862976
2026-08-06T13:20:35.468325-05:00,job,raycluster-historyserver-cpu-worker-z8x54,ray-worker,2026-08-06T18:20:31Z,73330390000,1091018752
2026-08-06T13:20:35.468325-05:00,job,raycluster-historyserver-cpu-worker-z8x54,collector,2026-08-06T18:20:29Z,12622874000,123682816
2026-08-06T13:20:36.468245-05:00,job,raycluster-historyserver-head-tgs8m,ray-head,2026-08-06T18:20:20Z,42099738000,3668209664
2026-08-06T13:20:36.468245-05:00,job,raycluster-historyserver-head-tgs8m,collector,2026-08-06T18:20:36Z,26129234000,132845568
2026-08-06T13:20:36.468245-05:00,job,raycluster-historyserver-cpu-worker-z8x54,ray-worker,2026-08-06T18:20:31Z,73330390000,1091018752
2026-08-06T13:20:36.468245-05:00,job,raycluster-historyserver-cpu-worker-z8x54,collector,2026-08-06T18:20:29Z,12622874000,123682816
2026-08-06T13:20:37.468601-05:00,job,raycluster-historyserver-cpu-worker-z8x54,ray-worker,2026-08-06T18:20:31Z,73330390000,1091018752
2026-08-06T13:20:37.468601-05:00,job,raycluster-historyserver-cpu-worker-z8x54,collector,2026-08-06T18:20:29Z,12622874000,123682816
2026-08-06T13:20:37.468601-05:00,job,raycluster-historyserver-head-tgs8m,ray-head,2026-08-06T18:20:20Z,42099738000,3668209664
2026-08-06T13:20:37.468601-05:00,job,raycluster-historyserver-head-tgs8m,collector,2026-08-06T18:20:36Z,26129234000,132845568
2026-08-06T13:20:38.46769-05:00,job,raycluster-historyserver-cpu-worker-z8x54,ray-worker,2026-08-06T18:20:31Z,73330390000,1091018752
2026-08-06T13:20:38.46769-05:00,job,raycluster-historyserver-cpu-worker-z8x54,collector,2026-08-06T18:20:29Z,12622874000,123682816
2026-08-06T13:20:38.46769-05:00,job,raycluster-historyserver-head-tgs8m,ray-head,2026-08-06T18:20:20Z,42099738000,3668209664
2026-08-06T13:20:38.46769-05:00,job,raycluster-historyserver-head-tgs8m,collector,2026-08-06T18:20:36Z,26129234000,132845568
2026-08-06T13:20:39.467845-05:00,job,raycluster-historyserver-head-tgs8m,ray-head,2026-08-06T18:20:20Z,42099738000,3668209664
2026-08-06T13:20:39.467845-05:00,job,raycluster-historyserver-head-tgs8m,collector,2026-08-06T18:20:36Z,26129234000,132845568
2026-08-06T13:20:39.467845-05:00,job,raycluster-historyserver-cpu-worker-z8x54,ray-worker,2026-08-06T18:20:31Z,73330390000,1091018752
2026-08-06T13:20:39.467845-05:00,job,raycluster-historyserver-cpu-worker-z8x54,collector,2026-08-06T18:20:29Z,12622874000,123682816
2026-08-06T13:20:40.468579-05:00,job,raycluster-historyserver-cpu-worker-z8x54,ray-worker,2026-08-06T18:20:31Z,73330390000,1091018752
2026-08-06T13:20:40.468579-05:00,job,raycluster-historyserver-cpu-worker-z8x54,collector,2026-08-06T18:20:29Z,12622874000,123682816
2026-08-06T13:20:40.468579-05:00,job,raycluster-historyserver-head-tgs8m,ray-head,2026-08-06T18:20:39Z,60795312000,3885625344
2026-08-06T13:20:40.468579-05:00,job,raycluster-historyserver-head-tgs8m,collector,2026-08-06T18:20:36Z,26129234000,132845568
2026-08-06T13:20:41.467773-05:00,job,raycluster-historyserver-cpu-worker-z8x54,collector,2026-08-06T18:20:29Z,12622874000,123682816
2026-08-06T13:20:41.467773-05:00,job,raycluster-historyserver-cpu-worker-z8x54,ray-worker,2026-08-06T18:20:31Z,73330390000,1091018752
2026-08-06T13:20:41.467773-05:00,job,raycluster-historyserver-head-tgs8m,ray-head,2026-08-06T18:20:39Z,60795312000,3885625344
2026-08-06T13:20:41.467773-05:00,job,raycluster-historyserver-head-tgs8m,collector,2026-08-06T18:20:36Z,26129234000,132845568
2026-08-06T13:20:42.467888-05:00,job,raycluster-historyserver-cpu-worker-z8x54,collector,2026-08-06T18:20:29Z,12622874000,123682816
2026-08-06T13:20:42.467888-05:00,job,raycluster-historyserver-cpu-worker-z8x54,ray-worker,2026-08-06T18:20:31Z,73330390000,1091018752
2026-08-06T13:20:42.467888-05:00,job,raycluster-historyserver-head-tgs8m,ray-head,2026-08-06T18:20:39Z,60795312000,3885625344
2026-08-06T13:20:42.467888-05:00,job,raycluster-historyserver-head-tgs8m,collector,2026-08-06T18:20:36Z,26129234000,132845568
2026-08-06T13:20:43.46862-05:00,job,raycluster-historyserver-head-tgs8m,ray-head,2026-08-06T18:20:39Z,60795312000,3885625344
2026-08-06T13:20:43.46862-05:00,job,raycluster-historyserver-head-tgs8m,collector,2026-08-06T18:20:36Z,26129234000,132845568
2026-08-06T13:20:43.46862-05:00,job,raycluster-historyserver-cpu-worker-z8x54,ray-worker,2026-08-06T18:20:31Z,73330390000,1091018752
2026-08-06T13:20:43.46862-05:00,job,raycluster-historyserver-cpu-worker-z8x54,collector,2026-08-06T18:20:29Z,12622874000,123682816
2026-08-06T13:20:44.468292-05:00,job,raycluster-historyserver-head-tgs8m,ray-head,2026-08-06T18:20:39Z,60795312000,3885625344
2026-08-06T13:20:44.468292-05:00,job,raycluster-historyserver-head-tgs8m,collector,2026-08-06T18:20:36Z,26129234000,132845568
2026-08-06T13:20:44.468292-05:00,job,raycluster-historyserver-cpu-worker-z8x54,ray-worker,2026-08-06T18:20:31Z,73330390000,1091018752
2026-08-06T13:20:44.468292-05:00,job,raycluster-historyserver-cpu-worker-z8x54,collector,2026-08-06T18:20:29Z,12622874000,123682816
2026-08-06T13:20:45.468644-05:00,job,raycluster-historyserver-head-tgs8m,ray-head,2026-08-06T18:20:39Z,60795312000,3885625344
2026-08-06T13:20:45.468644-05:00,job,raycluster-historyserver-head-tgs8m,collector,2026-08-06T18:20:36Z,26129234000,132845568
2026-08-06T13:20:45.468644-05:00,job,raycluster-historyserver-cpu-worker-z8x54,collector,2026-08-06T18:20:29Z,12622874000,123682816
2026-08-06T13:20:45.468644-05:00,job,raycluster-historyserver-cpu-worker-z8x54,ray-worker,2026-08-06T18:20:45Z,84232795000,584966144
2026-08-06T13:20:46.468644-05:00,job,raycluster-historyserver-head-tgs8m,ray-head,2026-08-06T18:20:39Z,60795312000,3885625344
2026-08-06T13:20:46.468644-05:00,job,raycluster-historyserver-head-tgs8m,collector,2026-08-06T18:20:36Z,26129234000,132845568
2026-08-06T13:20:46.468644-05:00,job,raycluster-historyserver-cpu-worker-z8x54,ray-worker,2026-08-06T18:20:45Z,84232795000,584966144
2026-08-06T13:20:46.468644-05:00,job,raycluster-historyserver-cpu-worker-z8x54,collector,2026-08-06T18:20:29Z,12622874000,123682816
2026-08-06T13:20:47.468622-05:00,job,raycluster-historyserver-head-tgs8m,ray-head,2026-08-06T18:20:39Z,60795312000,3885625344
2026-08-06T13:20:47.468622-05:00,job,raycluster-historyserver-head-tgs8m,collector,2026-08-06T18:20:36Z,26129234000,132845568
2026-08-06T13:20:47.468622-05:00,job,raycluster-historyserver-cpu-worker-z8x54,collector,2026-08-06T18:20:29Z,12622874000,123682816
2026-08-06T13:20:47.468622-05:00,job,raycluster-historyserver-cpu-worker-z8x54,ray-worker,2026-08-06T18:20:45Z,84232795000,584966144
2026-08-06T13:20:48.468-05:00,job,raycluster-historyserver-cpu-worker-z8x54,ray-worker,2026-08-06T18:20:45Z,84232795000,584966144
2026-08-06T13:20:48.468-05:00,job,raycluster-historyserver-cpu-worker-z8x54,collector,2026-08-06T18:20:29Z,12622874000,123682816
2026-08-06T13:20:48.468-05:00,job,raycluster-historyserver-head-tgs8m,ray-head,2026-08-06T18:20:39Z,60795312000,3885625344
2026-08-06T13:20:48.468-05:00,job,raycluster-historyserver-head-tgs8m,collector,2026-08-06T18:20:36Z,26129234000,132845568
2026-08-06T13:20:49.468634-05:00,job,raycluster-historyserver-cpu-worker-z8x54,ray-worker,2026-08-06T18:20:45Z,84232795000,584966144
2026-08-06T13:20:49.468634-05:00,job,raycluster-historyserver-cpu-worker-z8x54,collector,2026-08-06T18:20:48Z,27997336000,122142720
2026-08-06T13:20:49.468634-05:00,job,raycluster-historyserver-head-tgs8m,ray-head,2026-08-06T18:20:39Z,60795312000,3885625344
2026-08-06T13:20:49.468634-05:00,job,raycluster-historyserver-head-tgs8m,collector,2026-08-06T18:20:48Z,39166587000,111063040
2026-08-06T13:20:50.467762-05:00,job,raycluster-historyserver-cpu-worker-z8x54,collector,2026-08-06T18:20:48Z,27997336000,122142720
2026-08-06T13:20:50.467762-05:00,job,raycluster-historyserver-cpu-worker-z8x54,ray-worker,2026-08-06T18:20:45Z,84232795000,584966144
2026-08-06T13:20:50.467762-05:00,job,raycluster-historyserver-head-tgs8m,ray-head,2026-08-06T18:20:50Z,64379771000,3861868544
2026-08-06T13:20:50.467762-05:00,job,raycluster-historyserver-head-tgs8m,collector,2026-08-06T18:20:48Z,39166587000,111063040
2026-08-06T13:20:51.468639-05:00,job,raycluster-historyserver-cpu-worker-z8x54,ray-worker,2026-08-06T18:20:45Z,84232795000,584966144
2026-08-06T13:20:51.468639-05:00,job,raycluster-historyserver-cpu-worker-z8x54,collector,2026-08-06T18:20:48Z,27997336000,122142720
2026-08-06T13:20:51.468639-05:00,job,raycluster-historyserver-head-tgs8m,ray-head,2026-08-06T18:20:50Z,64379771000,3861868544
2026-08-06T13:20:51.468639-05:00,job,raycluster-historyserver-head-tgs8m,collector,2026-08-06T18:20:48Z,39166587000,111063040
2026-08-06T13:20:52.467983-05:00,job,raycluster-historyserver-cpu-worker-z8x54,ray-worker,2026-08-06T18:20:45Z,84232795000,584966144
2026-08-06T13:20:52.467983-05:00,job,raycluster-historyserver-cpu-worker-z8x54,collector,2026-08-06T18:20:48Z,27997336000,122142720
2026-08-06T13:20:52.467983-05:00,job,raycluster-historyserver-head-tgs8m,ray-head,2026-08-06T18:20:50Z,64379771000,3861868544
2026-08-06T13:20:52.467983-05:00,job,raycluster-historyserver-head-tgs8m,collector,2026-08-06T18:20:48Z,39166587000,111063040
2026-08-06T13:20:53.468675-05:00,job,raycluster-historyserver-head-tgs8m,ray-head,2026-08-06T18:20:50Z,64379771000,3861868544
2026-08-06T13:20:53.468675-05:00,job,raycluster-historyserver-head-tgs8m,collector,2026-08-06T18:20:48Z,39166587000,111063040
2026-08-06T13:20:53.468675-05:00,job,raycluster-historyserver-cpu-worker-z8x54,collector,2026-08-06T18:20:48Z,27997336000,122142720
2026-08-06T13:20:53.468675-05:00,job,raycluster-historyserver-cpu-worker-z8x54,ray-worker,2026-08-06T18:20:45Z,84232795000,584966144
2026-08-06T13:20:54.468001-05:00,job,raycluster-historyserver-head-tgs8m,ray-head,2026-08-06T18:20:50Z,64379771000,3861868544
2026-08-06T13:20:54.468001-05:00,job,raycluster-historyserver-head-tgs8m,collector,2026-08-06T18:20:48Z,39166587000,111063040
2026-08-06T13:20:54.468001-05:00,job,raycluster-historyserver-cpu-worker-z8x54,ray-worker,2026-08-06T18:20:45Z,84232795000,584966144
2026-08-06T13:20:54.468001-05:00,job,raycluster-historyserver-cpu-worker-z8x54,collector,2026-08-06T18:20:48Z,27997336000,122142720
2026-08-06T13:20:55.467866-05:00,job,raycluster-historyserver-head-tgs8m,ray-head,2026-08-06T18:20:50Z,64379771000,3861868544
2026-08-06T13:20:55.467866-05:00,job,raycluster-historyserver-head-tgs8m,collector,2026-08-06T18:20:48Z,39166587000,111063040
2026-08-06T13:20:55.467866-05:00,job,raycluster-historyserver-cpu-worker-z8x54,collector,2026-08-06T18:20:48Z,27997336000,122142720
2026-08-06T13:20:55.467866-05:00,job,raycluster-historyserver-cpu-worker-z8x54,ray-worker,2026-08-06T18:20:45Z,84232795000,584966144
2026-08-06T13:20:56.468674-05:00,job,raycluster-historyserver-head-tgs8m,ray-head,2026-08-06T18:20:50Z,64379771000,3861868544
2026-08-06T13:20:56.468674-05:00,job,raycluster-historyserver-head-tgs8m,collector,2026-08-06T18:20:48Z,39166587000,111063040
2026-08-06T13:20:56.468674-05:00,job,raycluster-historyserver-cpu-worker-z8x54,collector,2026-08-06T18:20:48Z,27997336000,122142720
2026-08-06T13:20:56.468674-05:00,job,raycluster-historyserver-cpu-worker-z8x54,ray-worker,2026-08-06T18:20:45Z,84232795000,584966144
2026-08-06T13:20:57.468689-05:00,job,raycluster-historyserver-cpu-worker-z8x54,collector,2026-08-06T18:20:48Z,27997336000,122142720
2026-08-06T13:20:57.468689-05:00,job,raycluster-historyserver-cpu-worker-z8x54,ray-worker,2026-08-06T18:20:45Z,84232795000,584966144
2026-08-06T13:20:57.468689-05:00,job,raycluster-historyserver-head-tgs8m,ray-head,2026-08-06T18:20:50Z,64379771000,3861868544
2026-08-06T13:20:57.468689-05:00,job,raycluster-historyserver-head-tgs8m,collector,2026-08-06T18:20:48Z,39166587000,111063040
2026-08-06T13:20:58.468136-05:00,job,raycluster-historyserver-cpu-worker-z8x54,ray-worker,2026-08-06T18:20:45Z,84232795000,584966144
2026-08-06T13:20:58.468136-05:00,job,raycluster-historyserver-cpu-worker-z8x54,collector,2026-08-06T18:20:48Z,27997336000,122142720
2026-08-06T13:20:58.468136-05:00,job,raycluster-historyserver-head-tgs8m,ray-head,2026-08-06T18:20:50Z,64379771000,3861868544
2026-08-06T13:20:58.468136-05:00,job,raycluster-historyserver-head-tgs8m,collector,2026-08-06T18:20:48Z,39166587000,111063040
2026-08-06T13:20:59.468713-05:00,job,raycluster-historyserver-head-tgs8m,ray-head,2026-08-06T18:20:50Z,64379771000,3861868544
2026-08-06T13:20:59.468713-05:00,job,raycluster-historyserver-head-tgs8m,collector,2026-08-06T18:20:48Z,39166587000,111063040
2026-08-06T13:20:59.468713-05:00,job,raycluster-historyserver-cpu-worker-z8x54,collector,2026-08-06T18:20:48Z,27997336000,122142720
2026-08-06T13:20:59.468713-05:00,job,raycluster-historyserver-cpu-worker-z8x54,ray-worker,2026-08-06T18:20:45Z,84232795000,584966144
2026-08-06T13:21:00.46871-05:00,job,raycluster-historyserver-head-tgs8m,ray-head,2026-08-06T18:20:50Z,64379771000,3861868544
2026-08-06T13:21:00.46871-05:00,job,raycluster-historyserver-head-tgs8m,collector,2026-08-06T18:20:48Z,39166587000,111063040
2026-08-06T13:21:00.46871-05:00,job,raycluster-historyserver-cpu-worker-z8x54,collector,2026-08-06T18:20:48Z,27997336000,122142720
2026-08-06T13:21:00.46871-05:00,job,raycluster-historyserver-cpu-worker-z8x54,ray-worker,2026-08-06T18:20:45Z,84232795000,584966144
2026-08-06T13:21:01.468706-05:00,job,raycluster-historyserver-cpu-worker-z8x54,ray-worker,2026-08-06T18:20:45Z,84232795000,584966144
2026-08-06T13:21:01.468706-05:00,job,raycluster-historyserver-cpu-worker-z8x54,collector,2026-08-06T18:20:48Z,27997336000,122142720
2026-08-06T13:21:01.468706-05:00,job,raycluster-historyserver-head-tgs8m,ray-head,2026-08-06T18:20:50Z,64379771000,3861868544
2026-08-06T13:21:01.468706-05:00,job,raycluster-historyserver-head-tgs8m,collector,2026-08-06T18:20:48Z,39166587000,111063040
2026-08-06T13:21:02.468745-05:00,job,raycluster-historyserver-head-tgs8m,ray-head,2026-08-06T18:20:50Z,64379771000,3861868544
2026-08-06T13:21:02.468745-05:00,job,raycluster-historyserver-head-tgs8m,collector,2026-08-06T18:20:48Z,39166587000,111063040
2026-08-06T13:21:02.468745-05:00,job,raycluster-historyserver-cpu-worker-z8x54,ray-worker,2026-08-06T18:21:02Z,85362246000,584130560
2026-08-06T13:21:02.468745-05:00,job,raycluster-historyserver-cpu-worker-z8x54,collector,2026-08-06T18:21:02Z,28214087000,118226944
2026-08-06T13:21:03.468762-05:00,job,raycluster-historyserver-head-tgs8m,ray-head,2026-08-06T18:20:50Z,64379771000,3861868544
2026-08-06T13:21:03.468762-05:00,job,raycluster-historyserver-head-tgs8m,collector,2026-08-06T18:20:48Z,39166587000,111063040
2026-08-06T13:21:03.468762-05:00,job,raycluster-historyserver-cpu-worker-z8x54,collector,2026-08-06T18:21:02Z,28214087000,118226944
2026-08-06T13:21:03.468762-05:00,job,raycluster-historyserver-cpu-worker-z8x54,ray-worker,2026-08-06T18:21:02Z,85362246000,584130560
2026-08-06T13:21:04.468723-05:00,job,raycluster-historyserver-cpu-worker-z8x54,ray-worker,2026-08-06T18:21:02Z,85362246000,584130560
2026-08-06T13:21:04.468723-05:00,job,raycluster-historyserver-cpu-worker-z8x54,collector,2026-08-06T18:21:02Z,28214087000,118226944
2026-08-06T13:21:04.468723-05:00,job,raycluster-historyserver-head-tgs8m,ray-head,2026-08-06T18:20:50Z,64379771000,3861868544
2026-08-06T13:21:04.468723-05:00,job,raycluster-historyserver-head-tgs8m,collector,2026-08-06T18:20:48Z,39166587000,111063040
2026-08-06T13:21:05.468983-05:00,job,raycluster-historyserver-head-tgs8m,ray-head,2026-08-06T18:20:50Z,64379771000,3861868544
2026-08-06T13:21:05.468983-05:00,job,raycluster-historyserver-head-tgs8m,collector,2026-08-06T18:20:48Z,39166587000,111063040
2026-08-06T13:21:05.468983-05:00,job,raycluster-historyserver-cpu-worker-z8x54,collector,2026-08-06T18:21:02Z,28214087000,118226944
2026-08-06T13:21:05.468983-05:00,job,raycluster-historyserver-cpu-worker-z8x54,ray-worker,2026-08-06T18:21:02Z,85362246000,584130560
2026-08-06T13:21:06.469675-05:00,job,raycluster-historyserver-cpu-worker-z8x54,ray-worker,2026-08-06T18:21:02Z,85362246000,584130560
2026-08-06T13:21:06.469675-05:00,job,raycluster-historyserver-cpu-worker-z8x54,collector,2026-08-06T18:21:02Z,28214087000,118226944
2026-08-06T13:21:06.469675-05:00,job,raycluster-historyserver-head-tgs8m,ray-head,2026-08-06T18:20:50Z,64379771000,3861868544
2026-08-06T13:21:06.469675-05:00,job,raycluster-historyserver-head-tgs8m,collector,2026-08-06T18:20:48Z,39166587000,111063040
2026-08-06T13:21:07.470472-05:00,job,raycluster-historyserver-head-tgs8m,ray-head,2026-08-06T18:20:50Z,64379771000,3861868544
2026-08-06T13:21:07.470472-05:00,job,raycluster-historyserver-head-tgs8m,collector,2026-08-06T18:21:06Z,39198929000,111071232
2026-08-06T13:21:07.470472-05:00,job,raycluster-historyserver-cpu-worker-z8x54,collector,2026-08-06T18:21:02Z,28214087000,118226944
2026-08-06T13:21:07.470472-05:00,job,raycluster-historyserver-cpu-worker-z8x54,ray-worker,2026-08-06T18:21:02Z,85362246000,584130560
2026-08-06T13:21:08.471139-05:00,job,raycluster-historyserver-cpu-worker-z8x54,collector,2026-08-06T18:21:02Z,28214087000,118226944
2026-08-06T13:21:08.471139-05:00,job,raycluster-historyserver-cpu-worker-z8x54,ray-worker,2026-08-06T18:21:02Z,85362246000,584130560
2026-08-06T13:21:08.471139-05:00,job,raycluster-historyserver-head-tgs8m,ray-head,2026-08-06T18:20:50Z,64379771000,3861868544
2026-08-06T13:21:08.471139-05:00,job,raycluster-historyserver-head-tgs8m,collector,2026-08-06T18:21:06Z,39198929000,111071232
2026-08-06T13:21:09.471782-05:00,job,raycluster-historyserver-head-tgs8m,ray-head,2026-08-06T18:21:08Z,66236023000,3590053888
2026-08-06T13:21:09.471782-05:00,job,raycluster-historyserver-head-tgs8m,collector,2026-08-06T18:21:06Z,39198929000,111071232
2026-08-06T13:21:09.471782-05:00,job,raycluster-historyserver-cpu-worker-z8x54,ray-worker,2026-08-06T18:21:02Z,85362246000,584130560
2026-08-06T13:21:09.471782-05:00,job,raycluster-historyserver-cpu-worker-z8x54,collector,2026-08-06T18:21:02Z,28214087000,118226944
2026-08-06T13:21:10.472399-05:00,job,raycluster-historyserver-cpu-worker-z8x54,collector,2026-08-06T18:21:02Z,28214087000,118226944
2026-08-06T13:21:10.472399-05:00,job,raycluster-historyserver-cpu-worker-z8x54,ray-worker,2026-08-06T18:21:02Z,85362246000,584130560
2026-08-06T13:21:10.472399-05:00,job,raycluster-historyserver-head-tgs8m,ray-head,2026-08-06T18:21:08Z,66236023000,3590053888
2026-08-06T13:21:10.472399-05:00,job,raycluster-historyserver-head-tgs8m,collector,2026-08-06T18:21:06Z,39198929000,111071232
2026-08-06T13:21:11.472926-05:00,job,raycluster-historyserver-head-tgs8m,ray-head,2026-08-06T18:21:08Z,66236023000,3590053888
2026-08-06T13:21:11.472926-05:00,job,raycluster-historyserver-head-tgs8m,collector,2026-08-06T18:21:06Z,39198929000,111071232
2026-08-06T13:21:11.472926-05:00,job,raycluster-historyserver-cpu-worker-z8x54,ray-worker,2026-08-06T18:21:02Z,85362246000,584130560
2026-08-06T13:21:11.472926-05:00,job,raycluster-historyserver-cpu-worker-z8x54,collector,2026-08-06T18:21:02Z,28214087000,118226944
2026-08-06T13:21:12.473462-05:00,job,raycluster-historyserver-cpu-worker-z8x54,ray-worker,2026-08-06T18:21:02Z,85362246000,584130560
2026-08-06T13:21:12.473462-05:00,job,raycluster-historyserver-cpu-worker-z8x54,collector,2026-08-06T18:21:02Z,28214087000,118226944
2026-08-06T13:21:12.473462-05:00,job,raycluster-historyserver-head-tgs8m,ray-head,2026-08-06T18:21:08Z,66236023000,3590053888
2026-08-06T13:21:12.473462-05:00,job,raycluster-historyserver-head-tgs8m,collector,2026-08-06T18:21:06Z,39198929000,111071232
2026-08-06T13:21:13.47323-05:00,job,raycluster-historyserver-cpu-worker-z8x54,collector,2026-08-06T18:21:02Z,28214087000,118226944
2026-08-06T13:21:13.47323-05:00,job,raycluster-historyserver-cpu-worker-z8x54,ray-worker,2026-08-06T18:21:12Z,85621923000,459227136
2026-08-06T13:21:13.47323-05:00,job,raycluster-historyserver-head-tgs8m,ray-head,2026-08-06T18:21:08Z,66236023000,3590053888
2026-08-06T13:21:13.47323-05:00,job,raycluster-historyserver-head-tgs8m,collector,2026-08-06T18:21:06Z,39198929000,111071232
2026-08-06T13:21:14.474201-05:00,job,raycluster-historyserver-cpu-worker-z8x54,ray-worker,2026-08-06T18:21:12Z,85621923000,459227136
2026-08-06T13:21:14.474201-05:00,job,raycluster-historyserver-cpu-worker-z8x54,collector,2026-08-06T18:21:02Z,28214087000,118226944
2026-08-06T13:21:14.474201-05:00,job,raycluster-historyserver-head-tgs8m,ray-head,2026-08-06T18:21:08Z,66236023000,3590053888
2026-08-06T13:21:14.474201-05:00,job,raycluster-historyserver-head-tgs8m,collector,2026-08-06T18:21:06Z,39198929000,111071232
2026-08-06T13:21:15.473943-05:00,job,raycluster-historyserver-head-tgs8m,ray-head,2026-08-06T18:21:08Z,66236023000,3590053888
2026-08-06T13:21:15.473943-05:00,job,raycluster-historyserver-head-tgs8m,collector,2026-08-06T18:21:06Z,39198929000,111071232
2026-08-06T13:21:15.473943-05:00,job,raycluster-historyserver-cpu-worker-z8x54,collector,2026-08-06T18:21:02Z,28214087000,118226944
2026-08-06T13:21:15.473943-05:00,job,raycluster-historyserver-cpu-worker-z8x54,ray-worker,2026-08-06T18:21:12Z,85621923000,459227136
2026-08-06T13:21:16.475268-05:00,job,raycluster-historyserver-head-tgs8m,ray-head,2026-08-06T18:21:08Z,66236023000,3590053888
2026-08-06T13:21:16.475268-05:00,job,raycluster-historyserver-head-tgs8m,collector,2026-08-06T18:21:06Z,39198929000,111071232
2026-08-06T13:21:16.475268-05:00,job,raycluster-historyserver-cpu-worker-z8x54,collector,2026-08-06T18:21:02Z,28214087000,118226944
2026-08-06T13:21:16.475268-05:00,job,raycluster-historyserver-cpu-worker-z8x54,ray-worker,2026-08-06T18:21:12Z,85621923000,459227136
2026-08-06T13:21:17.474822-05:00,job,raycluster-historyserver-head-tgs8m,ray-head,2026-08-06T18:21:08Z,66236023000,3590053888
2026-08-06T13:21:17.474822-05:00,job,raycluster-historyserver-head-tgs8m,collector,2026-08-06T18:21:06Z,39198929000,111071232
2026-08-06T13:21:17.474822-05:00,job,raycluster-historyserver-cpu-worker-z8x54,collector,2026-08-06T18:21:02Z,28214087000,118226944
2026-08-06T13:21:17.474822-05:00,job,raycluster-historyserver-cpu-worker-z8x54,ray-worker,2026-08-06T18:21:12Z,85621923000,459227136
2026-08-06T13:21:18.475371-05:00,flush,raycluster-historyserver-head-tgs8m,collector,2026-08-06T18:21:06Z,39198929000,111071232
2026-08-06T13:21:24.477818-05:00,historyserver,historyserver-demo-7768d9678d-tjhkp,historyserver,2026-08-06T18:21:24Z,637383000,67874816
2026-08-06T13:21:25.477435-05:00,historyserver,historyserver-demo-7768d9678d-tjhkp,historyserver,2026-08-06T18:21:25Z,994502000,107048960
2026-08-06T13:21:26.47825-05:00,historyserver,historyserver-demo-7768d9678d-tjhkp,historyserver,2026-08-06T18:21:26Z,2040309000,193089536
2026-08-06T13:21:27.478266-05:00,historyserver,historyserver-demo-7768d9678d-tjhkp,historyserver,2026-08-06T18:21:27Z,3068006000,389021696
2026-08-06T13:21:28.478389-05:00,historyserver,historyserver-demo-7768d9678d-tjhkp,historyserver,2026-08-06T18:21:28Z,4142779000,407617536
2026-08-06T13:21:29.47841-05:00,historyserver,historyserver-demo-7768d9678d-tjhkp,historyserver,2026-08-06T18:21:29Z,5149720000,409300992
2026-08-06T13:21:30.478981-05:00,historyserver,historyserver-demo-7768d9678d-tjhkp,historyserver,2026-08-06T18:21:30Z,6151232000,410279936
2026-08-06T13:21:31.478444-05:00,historyserver,historyserver-demo-7768d9678d-tjhkp,historyserver,2026-08-06T18:21:31Z,7460610000,412004352
2026-08-06T13:21:32.478466-05:00,historyserver,historyserver-demo-7768d9678d-tjhkp,historyserver,2026-08-06T18:21:32Z,8464027000,442421248
2026-08-06T13:21:33.479492-05:00,historyserver,historyserver-demo-7768d9678d-tjhkp,historyserver,2026-08-06T18:21:33Z,9472230000,493834240
2026-08-06T13:21:34.479614-05:00,historyserver,historyserver-demo-7768d9678d-tjhkp,historyserver,2026-08-06T18:21:34Z,10476810000,541925376
2026-08-06T13:21:35.479762-05:00,historyserver,historyserver-demo-7768d9678d-tjhkp,historyserver,2026-08-06T18:21:35Z,11482293000,597356544
2026-08-06T13:21:36.479867-05:00,historyserver,historyserver-demo-7768d9678d-tjhkp,historyserver,2026-08-06T18:21:35Z,11729660000,610865152
2026-08-06T13:21:37.479981-05:00,historyserver,historyserver-demo-7768d9678d-tjhkp,historyserver,2026-08-06T18:21:35Z,11729660000,610865152
2026-08-06T13:21:38.479194-05:00,historyserver,historyserver-demo-7768d9678d-tjhkp,historyserver,2026-08-06T18:21:35Z,11729660000,610865152
2026-08-06T13:21:39.480169-05:00,historyserver,historyserver-demo-7768d9678d-tjhkp,historyserver,2026-08-06T18:21:35Z,11729660000,610865152
2026-08-06T13:21:40.479451-05:00,historyserver,historyserver-demo-7768d9678d-tjhkp,historyserver,2026-08-06T18:21:35Z,11729660000,610865152
2026-08-06T13:21:41.480339-05:00,historyserver,historyserver-demo-7768d9678d-tjhkp,historyserver,2026-08-06T18:21:35Z,11729660000,610865152
2026-08-06T13:21:42.480016-05:00,historyserver,historyserver-demo-7768d9678d-tjhkp,historyserver,2026-08-06T18:21:35Z,11729660000,610865152
2026-08-06T13:21:43.480529-05:00,historyserver,historyserver-demo-7768d9678d-tjhkp,historyserver,2026-08-06T18:21:35Z,11729660000,610865152
2026-08-06T13:21:44.480611-05:00,historyserver,historyserver-demo-7768d9678d-tjhkp,historyserver,2026-08-06T18:21:35Z,11729660000,610865152
2026-08-06T13:21:45.480704-05:00,historyserver,historyserver-demo-7768d9678d-tjhkp,historyserver,2026-08-06T18:21:35Z,11729660000,610865152
2026-08-06T13:21:46.480765-05:00,historyserver,historyserver-demo-7768d9678d-tjhkp,historyserver,2026-08-06T18:21:35Z,11729660000,610865152
2026-08-06T13:21:47.480849-05:00,historyserver,historyserver-demo-7768d9678d-tjhkp,historyserver,2026-08-06T18:21:35Z,11729660000,610865152
2026-08-06T13:21:48.480896-05:00,historyserver,historyserver-demo-7768d9678d-tjhkp,historyserver,2026-08-06T18:21:35Z,11729660000,610865152
2026-08-06T13:21:49.480169-05:00,historyserver,historyserver-demo-7768d9678d-tjhkp,historyserver,2026-08-06T18:21:35Z,11729660000,610865152
2026-08-06T13:21:50.480553-05:00,historyserver,historyserver-demo-7768d9678d-tjhkp,historyserver,2026-08-06T18:21:35Z,11729660000,610865152
2026-08-06T13:21:51.480054-05:00,historyserver,historyserver-demo-7768d9678d-tjhkp,historyserver,2026-08-06T18:21:50Z,28887306000,1046855680
2026-08-06T13:21:52.480918-05:00,historyserver,historyserver-demo-7768d9678d-tjhkp,historyserver,2026-08-06T18:21:50Z,28887306000,1046855680
2026-08-06T13:21:53.481156-05:00,historyserver,historyserver-demo-7768d9678d-tjhkp,historyserver,2026-08-06T18:21:50Z,28887306000,1046855680
2026-08-06T13:21:54.481193-05:00,historyserver,historyserver-demo-7768d9678d-tjhkp,historyserver,2026-08-06T18:21:50Z,28887306000,1046855680
2026-08-06T13:21:55.481217-05:00,historyserver,historyserver-demo-7768d9678d-tjhkp,historyserver,2026-08-06T18:21:50Z,28887306000,1046855680
2026-08-06T13:21:56.481254-05:00,historyserver,historyserver-demo-7768d9678d-tjhkp,historyserver,2026-08-06T18:21:50Z,28887306000,1046855680
2026-08-06T13:21:57.480746-05:00,historyserver,historyserver-demo-7768d9678d-tjhkp,historyserver,2026-08-06T18:21:50Z,28887306000,1046855680
2026-08-06T13:21:58.481344-05:00,historyserver,historyserver-demo-7768d9678d-tjhkp,historyserver,2026-08-06T18:21:50Z,28887306000,1046855680
2026-08-06T13:21:59.481399-05:00,historyserver,historyserver-demo-7768d9678d-tjhkp,historyserver,2026-08-06T18:21:50Z,28887306000,1046855680
2026-08-06T13:22:00.481425-05:00,historyserver,historyserver-demo-7768d9678d-tjhkp,historyserver,2026-08-06T18:21:50Z,28887306000,1046855680
2026-08-06T13:22:01.480755-05:00,historyserver,historyserver-demo-7768d9678d-tjhkp,historyserver,2026-08-06T18:21:50Z,28887306000,1046855680
2026-08-06T13:22:02.481199-05:00,historyserver,historyserver-demo-7768d9678d-tjhkp,historyserver,2026-08-06T18:21:50Z,28887306000,1046855680
2026-08-06T13:22:03.480562-05:00,historyserver,historyserver-demo-7768d9678d-tjhkp,historyserver,2026-08-06T18:21:50Z,28887306000,1046855680
2026-08-06T13:22:04.480731-05:00,historyserver,historyserver-demo-7768d9678d-tjhkp,historyserver,2026-08-06T18:21:50Z,28887306000,1046855680
2026-08-06T13:22:05.481588-05:00,historyserver,historyserver-demo-7768d9678d-tjhkp,historyserver,2026-08-06T18:21:50Z,28887306000,1046855680
2026-08-06T13:22:06.48158-05:00,historyserver,historyserver-demo-7768d9678d-tjhkp,historyserver,2026-08-06T18:21:50Z,28887306000,1046855680
2026-08-06T13:22:07.481606-05:00,historyserver,historyserver-demo-7768d9678d-tjhkp,historyserver,2026-08-06T18:21:50Z,28887306000,1046855680
2026-08-06T13:22:08.481618-05:00,historyserver,historyserver-demo-7768d9678d-tjhkp,historyserver,2026-08-06T18:22:08Z,48467261000,1491357696
2026-08-06T13:22:09.481201-05:00,historyserver,historyserver-demo-7768d9678d-tjhkp,historyserver,2026-08-06T18:22:08Z,48467261000,1491357696
2026-08-06T13:22:10.481685-05:00,historyserver,historyserver-demo-7768d9678d-tjhkp,historyserver,2026-08-06T18:22:08Z,48467261000,1491357696
2026-08-06T13:22:11.480905-05:00,historyserver,historyserver-demo-7768d9678d-tjhkp,historyserver,2026-08-06T18:22:08Z,48467261000,1491357696
2026-08-06T13:22:12.48095-05:00,historyserver,historyserver-demo-7768d9678d-tjhkp,historyserver,2026-08-06T18:22:08Z,48467261000,1491357696
2026-08-06T13:22:13.481119-05:00,historyserver,historyserver-demo-7768d9678d-tjhkp,historyserver,2026-08-06T18:22:08Z,48467261000,1491357696
2026-08-06T13:22:14.481753-05:00,historyserver,historyserver-demo-7768d9678d-tjhkp,historyserver,2026-08-06T18:22:08Z,48467261000,1491357696
2026-08-06T13:22:15.481863-05:00,historyserver,historyserver-demo-7768d9678d-tjhkp,historyserver,2026-08-06T18:22:08Z,48467261000,1491357696
2026-08-06T13:22:16.480835-05:00,historyserver,historyserver-demo-7768d9678d-tjhkp,historyserver,2026-08-06T18:22:08Z,48467261000,1491357696
2026-08-06T13:22:17.481806-05:00,historyserver,historyserver-demo-7768d9678d-tjhkp,historyserver,2026-08-06T18:22:08Z,48467261000,1491357696
2026-08-06T13:22:18.481623-05:00,historyserver,historyserver-demo-7768d9678d-tjhkp,historyserver,2026-08-06T18:22:18Z,60025787000,1741996032
2026-08-06T13:22:19.481423-05:00,historyserver,historyserver-demo-7768d9678d-tjhkp,historyserver,2026-08-06T18:22:18Z,60025787000,1741996032
2026-08-06T13:22:20.480998-05:00,historyserver,historyserver-demo-7768d9678d-tjhkp,historyserver,2026-08-06T18:22:18Z,60025787000,1741996032
2026-08-06T13:22:21.480964-05:00,historyserver,historyserver-demo-7768d9678d-tjhkp,historyserver,2026-08-06T18:22:18Z,60025787000,1741996032
2026-08-06T13:22:22.481893-05:00,historyserver,historyserver-demo-7768d9678d-tjhkp,historyserver,2026-08-06T18:22:18Z,60025787000,1741996032
2026-08-06T13:22:23.481912-05:00,historyserver,historyserver-demo-7768d9678d-tjhkp,historyserver,2026-08-06T18:22:18Z,60025787000,1741996032
2026-08-06T13:22:24.481334-05:00,historyserver,historyserver-demo-7768d9678d-tjhkp,historyserver,2026-08-06T18:22:18Z,60025787000,1741996032
2026-08-06T13:22:25.481971-05:00,historyserver,historyserver-demo-7768d9678d-tjhkp,historyserver,2026-08-06T18:22:18Z,60025787000,1741996032
2026-08-06T13:22:26.481954-05:00,historyserver,historyserver-demo-7768d9678d-tjhkp,historyserver,2026-08-06T18:22:18Z,60025787000,1741996032
2026-08-06T13:22:27.481964-05:00,historyserver,historyserver-demo-7768d9678d-tjhkp,historyserver,2026-08-06T18:22:18Z,60025787000,1741996032
2026-08-06T13:22:28.481272-05:00,historyserver,historyserver-demo-7768d9678d-tjhkp,historyserver,2026-08-06T18:22:18Z,60025787000,1741996032
2026-08-06T13:22:29.481819-05:00,historyserver,historyserver-demo-7768d9678d-tjhkp,historyserver,2026-08-06T18:22:18Z,60025787000,1741996032
2026-08-06T13:22:30.481066-05:00,historyserver,historyserver-demo-7768d9678d-tjhkp,historyserver,2026-08-06T18:22:18Z,60025787000,1741996032
2026-08-06T13:22:31.482038-05:00,historyserver,historyserver-demo-7768d9678d-tjhkp,historyserver,2026-08-06T18:22:18Z,60025787000,1741996032
2026-08-06T13:22:32.482036-05:00,historyserver,historyserver-demo-7768d9678d-tjhkp,historyserver,2026-08-06T18:22:18Z,60025787000,1741996032
2026-08-06T13:22:33.481329-05:00,historyserver,historyserver-demo-7768d9678d-tjhkp,historyserver,2026-08-06T18:22:18Z,60025787000,1741996032
2026-08-06T13:22:34.481262-05:00,historyserver,historyserver-demo-7768d9678d-tjhkp,historyserver,2026-08-06T18:22:18Z,60025787000,1741996032
2026-08-06T13:22:35.481183-05:00,historyserver,historyserver-demo-7768d9678d-tjhkp,historyserver,2026-08-06T18:22:18Z,60025787000,1741996032
2026-08-06T13:22:36.48215-05:00,historyserver,historyserver-demo-7768d9678d-tjhkp,historyserver,2026-08-06T18:22:18Z,60025787000,1741996032
2026-08-06T13:22:37.482113-05:00,historyserver,historyserver-demo-7768d9678d-tjhkp,historyserver,2026-08-06T18:22:18Z,60025787000,1741996032
2026-08-06T13:22:38.48122-05:00,historyserver,historyserver-demo-7768d9678d-tjhkp,historyserver,2026-08-06T18:22:38Z,82687660000,1671262208
2026-08-06T13:22:39.482123-05:00,historyserver,historyserver-demo-7768d9678d-tjhkp,historyserver,2026-08-06T18:22:38Z,82687660000,1671262208
2026-08-06T13:22:40.482132-05:00,historyserver,historyserver-demo-7768d9678d-tjhkp,historyserver,2026-08-06T18:22:38Z,82687660000,1671262208
2026-08-06T13:22:41.482276-05:00,historyserver,historyserver-demo-7768d9678d-tjhkp,historyserver,2026-08-06T18:22:38Z,82687660000,1671262208
2026-08-06T13:22:42.481368-05:00,historyserver,historyserver-demo-7768d9678d-tjhkp,historyserver,2026-08-06T18:22:38Z,82687660000,1671262208
2026-08-06T13:22:43.482198-05:00,historyserver,historyserver-demo-7768d9678d-tjhkp,historyserver,2026-08-06T18:22:38Z,82687660000,1671262208
2026-08-06T13:22:44.482164-05:00,historyserver,historyserver-demo-7768d9678d-tjhkp,historyserver,2026-08-06T18:22:38Z,82687660000,1671262208
2026-08-06T13:22:45.482137-05:00,historyserver,historyserver-demo-7768d9678d-tjhkp,historyserver,2026-08-06T18:22:38Z,82687660000,1671262208
2026-08-06T13:22:46.481806-05:00,historyserver,historyserver-demo-7768d9678d-tjhkp,historyserver,2026-08-06T18:22:38Z,82687660000,1671262208
2026-08-06T13:22:47.481634-05:00,historyserver,historyserver-demo-7768d9678d-tjhkp,historyserver,2026-08-06T18:22:38Z,82687660000,1671262208
2026-08-06T13:22:48.482205-05:00,historyserver,historyserver-demo-7768d9678d-tjhkp,historyserver,2026-08-06T18:22:38Z,82687660000,1671262208
2026-08-06T13:22:49.481415-05:00,historyserver,historyserver-demo-7768d9678d-tjhkp,historyserver,2026-08-06T18:22:38Z,82687660000,1671262208
2026-08-06T13:22:50.48206-05:00,historyserver,historyserver-demo-7768d9678d-tjhkp,historyserver,2026-08-06T18:22:38Z,82687660000,1671262208
2026-08-06T13:22:51.482276-05:00,historyserver,historyserver-demo-7768d9678d-tjhkp,historyserver,2026-08-06T18:22:38Z,82687660000,1671262208
2026-08-06T13:22:52.482289-05:00,historyserver,historyserver-demo-7768d9678d-tjhkp,historyserver,2026-08-06T18:22:38Z,82687660000,1671262208
2026-08-06T13:22:53.482418-05:00,historyserver,historyserver-demo-7768d9678d-tjhkp,historyserver,2026-08-06T18:22:38Z,82687660000,1671262208
2026-08-06T13:22:54.482317-05:00,historyserver,historyserver-demo-7768d9678d-tjhkp,historyserver,2026-08-06T18:22:38Z,82687660000,1671262208
2026-08-06T13:22:55.482278-05:00,historyserver,historyserver-demo-7768d9678d-tjhkp,historyserver,2026-08-06T18:22:38Z,82687660000,1671262208
