node_id,unix_second,events
68971b40ae6eba0fa7bf142727e826088839cc90d37c3f91499ba1c7,1786046051,2
68971b40ae6eba0fa7bf142727e826088839cc90d37c3f91499ba1c7,1786046053,2
68971b40ae6eba0fa7bf142727e826088839cc90d37c3f91499ba1c7,1786046057,2
68971b40ae6eba0fa7bf142727e826088839cc90d37c3f91499ba1c7,1786046070,5
68971b40ae6eba0fa7bf142727e826088839cc90d37c3f91499ba1c7,1786046071,3070
68971b40ae6eba0fa7bf142727e826088839cc90d37c3f91499ba1c7,1786046072,1308
68971b40ae6eba0fa7bf142727e826088839cc90d37c3f91499ba1c7,1786046073,4960
68971b40ae6eba0fa7bf142727e826088839cc90d37c3f91499ba1c7,1786046074,5406
68971b40ae6eba0fa7bf142727e826088839cc90d37c3f91499ba1c7,1786046075,6675
68971b40ae6eba0fa7bf142727e826088839cc90d37c3f91499ba1c7,1786046076,6900
68971b40ae6eba0fa7bf142727e826088839cc90d37c3f91499ba1c7,1786046077,9740
68971b40ae6eba0fa7bf142727e826088839cc90d37c3f91499ba1c7,1786046078,6013
68971b40ae6eba0fa7bf142727e826088839cc90d37c3f91499ba1c7,1786046079,7078
68971b40ae6eba0fa7bf142727e826088839cc90d37c3f91499ba1c7,1786046080,9168
68971b40ae6eba0fa7bf142727e826088839cc90d37c3f91499ba1c7,1786046081,6267
68971b40ae6eba0fa7bf142727e826088839cc90d37c3f91499ba1c7,1786046082,6520
68971b40ae6eba0fa7bf142727e826088839cc90d37c3f91499ba1c7,1786046083,6436
68971b40ae6eba0fa7bf142727e826088839cc90d37c3f91499ba1c7,1786046084,7617
68971b40ae6eba0fa7bf142727e826088839cc90d37c3f91499ba1c7,1786046085,6581
68971b40ae6eba0fa7bf142727e826088839cc90d37c3f91499ba1c7,1786046086,8463
68971b40ae6eba0fa7bf142727e826088839cc90d37c3f91499ba1c7,1786046087,6473
68971b40ae6eba0fa7bf142727e826088839cc90d37c3f91499ba1c7,1786046088,7763
68971b40ae6eba0fa7bf142727e826088839cc90d37c3f91499ba1c7,1786046089,4906
68971b40ae6eba0fa7bf142727e826088839cc90d37c3f91499ba1c7,1786046090,7209
68971b40ae6eba0fa7bf142727e826088839cc90d37c3f91499ba1c7,1786046091,8193
68971b40ae6eba0fa7bf142727e826088839cc90d37c3f91499ba1c7,1786046092,7043
68971b40ae6eba0fa7bf142727e826088839cc90d37c3f91499ba1c7,1786046093,6339
68971b40ae6eba0fa7bf142727e826088839cc90d37c3f91499ba1c7,1786046094,9398
68971b40ae6eba0fa7bf142727e826088839cc90d37c3f91499ba1c7,1786046095,5957
68971b40ae6eba0fa7bf142727e826088839cc90d37c3f91499ba1c7,1786046096,7615
68971b40ae6eba0fa7bf142727e826088839cc90d37c3f91499ba1c7,1786046097,8984
68971b40ae6eba0fa7bf142727e826088839cc90d37c3f91499ba1c7,1786046098,4811
68971b40ae6eba0fa7bf142727e826088839cc90d37c3f91499ba1c7,1786046099,8487
68971b40ae6eba0fa7bf142727e826088839cc90d37c3f91499ba1c7,1786046100,7471
68971b40ae6eba0fa7bf142727e826088839cc90d37c3f91499ba1c7,1786046101,6921
68971b40ae6eba0fa7bf142727e826088839cc90d37c3f91499ba1c7,1786046102,8796
68971b40ae6eba0fa7bf142727e826088839cc90d37c3f91499ba1c7,1786046103,6525
68971b40ae6eba0fa7bf142727e826088839cc90d37c3f91499ba1c7,1786046104,7807
68971b40ae6eba0fa7bf142727e826088839cc90d37c3f91499ba1c7,1786046105,1338
68971b40ae6eba0fa7bf142727e826088839cc90d37c3f91499ba1c7,1786046107,1
68971b40ae6eba0fa7bf142727e826088839cc90d37c3f91499ba1c7,1786046108,1
68971b40ae6eba0fa7bf142727e826088839cc90d37c3f91499ba1c7,1786046109,1
68971b40ae6eba0fa7bf142727e826088839cc90d37c3f91499ba1c7,1786046110,1
68971b40ae6eba0fa7bf142727e826088839cc90d37c3f91499ba1c7,1786046111,1
68971b40ae6eba0fa7bf142727e826088839cc90d37c3f91499ba1c7,1786046112,1
68971b40ae6eba0fa7bf142727e826088839cc90d37c3f91499ba1c7,1786046113,6
68971b40ae6eba0fa7bf142727e826088839cc90d37c3f91499ba1c7,1786046114,1
68971b40ae6eba0fa7bf142727e826088839cc90d37c3f91499ba1c7,1786046115,1
68971b40ae6eba0fa7bf142727e826088839cc90d37c3f91499ba1c7,1786046117,1
68971b40ae6eba0fa7bf142727e826088839cc90d37c3f91499ba1c7,1786046119,1
68971b40ae6eba0fa7bf142727e826088839cc90d37c3f91499ba1c7,1786046120,1
68971b40ae6eba0fa7bf142727e826088839cc90d37c3f91499ba1c7,1786046122,1
68971b40ae6eba0fa7bf142727e826088839cc90d37c3f91499ba1c7,1786046124,1
68971b40ae6eba0fa7bf142727e826088839cc90d37c3f91499ba1c7,1786046126,1
68971b40ae6eba0fa7bf142727e826088839cc90d37c3f91499ba1c7,1786046127,1
68971b40ae6eba0fa7bf142727e826088839cc90d37c3f91499ba1c7,1786046128,1
68971b40ae6eba0fa7bf142727e826088839cc90d37c3f91499ba1c7,1786046130,1
68971b40ae6eba0fa7bf142727e826088839cc90d37c3f91499ba1c7,1786046132,1
68971b40ae6eba0fa7bf142727e826088839cc90d37c3f91499ba1c7,1786046133,1
68971b40ae6eba0fa7bf142727e826088839cc90d37c3f91499ba1c7,1786046135,1
68971b40ae6eba0fa7bf142727e826088839cc90d37c3f91499ba1c7,1786046136,3
68971b40ae6eba0fa7bf142727e826088839cc90d37c3f91499ba1c7,1786046137,1
e036c20d734d78e8614e412aece6cdaa74d7b5d1232b328b7a76e887,1786046072,2615
e036c20d734d78e8614e412aece6cdaa74d7b5d1232b328b7a76e887,1786046073,3078
e036c20d734d78e8614e412aece6cdaa74d7b5d1232b328b7a76e887,1786046074,3508
e036c20d734d78e8614e412aece6cdaa74d7b5d1232b328b7a76e887,1786046075,6881
e036c20d734d78e8614e412aece6cdaa74d7b5d1232b328b7a76e887,1786046076,6652
e036c20d734d78e8614e412aece6cdaa74d7b5d1232b328b7a76e887,1786046077,6346
e036c20d734d78e8614e412aece6cdaa74d7b5d1232b328b7a76e887,1786046078,6726
e036c20d734d78e8614e412aece6cdaa74d7b5d1232b328b7a76e887,1786046079,5792
e036c20d734d78e8614e412aece6cdaa74d7b5d1232b328b7a76e887,1786046080,7097
e036c20d734d78e8614e412aece6cdaa74d7b5d1232b328b7a76e887,1786046081,5506
e036c20d734d78e8614e412aece6cdaa74d7b5d1232b328b7a76e887,1786046082,6005
e036c20d734d78e8614e412aece6cdaa74d7b5d1232b328b7a76e887,1786046083,6541
e036c20d734d78e8614e412aece6cdaa74d7b5d1232b328b7a76e887,1786046084,5600
e036c20d734d78e8614e412aece6cdaa74d7b5d1232b328b7a76e887,1786046085,6590
e036c20d734d78e8614e412aece6cdaa74d7b5d1232b328b7a76e887,1786046086,6534
e036c20d734d78e8614e412aece6cdaa74d7b5d1232b328b7a76e887,1786046087,5638
e036c20d734d78e8614e412aece6cdaa74d7b5d1232b328b7a76e887,1786046088,6232
e036c20d734d78e8614e412aece6cdaa74d7b5d1232b328b7a76e887,1786046089,5425
e036c20d734d78e8614e412aece6cdaa74d7b5d1232b328b7a76e887,1786046090,5868
e036c20d734d78e8614e412aece6cdaa74d7b5d1232b328b7a76e887,1786046091,7286
e036c20d734d78e8614e412aece6cdaa74d7b5d1232b328b7a76e887,1786046092,5696
e036c20d734d78e8614e412aece6cdaa74d7b5d1232b328b7a76e887,1786046093,6115
e036c20d734d78e8614e412aece6cdaa74d7b5d1232b328b7a76e887,1786046094,7003
e036c20d734d78e8614e412aece6cdaa74d7b5d1232b328b7a76e887,1786046095,5711
e036c20d734d78e8614e412aece6cdaa74d7b5d1232b328b7a76e887,1786046096,6880
e036c20d734d78e8614e412aece6cdaa74d7b5d1232b328b7a76e887,1786046097,6264
e036c20d734d78e8614e412aece6cdaa74d7b5d1232b328b7a76e887,1786046098,5603
e036c20d734d78e8614e412aece6cdaa74d7b5d1232b328b7a76e887,1786046099,6934
e036c20d734d78e8614e412aece6cdaa74d7b5d1232b328b7a76e887,1786046100,5996
e036c20d734d78e8614e412aece6cdaa74d7b5d1232b328b7a76e887,1786046101,6182
e036c20d734d78e8614e412aece6cdaa74d7b5d1232b328b7a76e887,1786046102,6950
e036c20d734d78e8614e412aece6cdaa74d7b5d1232b328b7a76e887,1786046103,5824
e036c20d734d78e8614e412aece6cdaa74d7b5d1232b328b7a76e887,1786046104,6310
e036c20d734d78e8614e412aece6cdaa74d7b5d1232b328b7a76e887,1786046105,2672
